<?xml version="1.0" encoding="UTF-8"?><root>
      
    <entry>
        <plIdentifier_uuid>5B231501-0C3D-4A73-B8E0-027B2E057554</plIdentifier_uuid>
        <plIdentifier_uuid_type/>
        <plIdentifier_uuid_provider/>
        <plIdentifier_nameGeneric>Deitingen</plIdentifier_nameGeneric>
        <plIdentifier_nameGeneric_source>J. Paul Getty Trust</plIdentifier_nameGeneric_source>
        <plIdentifier_nameEn>Deitingen</plIdentifier_nameEn>
        <plIdentifier_nameEn_source/>
        <plIdentifier_nameDe>Deitingen</plIdentifier_nameDe>
        <plIdentifier_nameDe_source/>
        <plIdentifier_nameFr>Deitingen</plIdentifier_nameFr>
        <plIdentifier_nameFr_source/>
        <plIdentifier_nameIT>Deitingen</plIdentifier_nameIT>
        <plIdentifier_nameIt_source/>
        <plIdentifier_type/>
        <plParthood_currentPartOf/>
        <plParthood_currentHasPart/>
        <plParthood_parentString>Solothurn, Schweiz, Europe, World</plParthood_parentString>
        <plParthood_parentStringSource>J. Paul Getty Trust</plParthood_parentStringSource>
        <plSubstance_geoWKT/>
        <plIdentifier_geonamesURI/>
        <plIdentifier_geonamesType/>
        <plIdentifier_geonamesProvider/>
        <plIdentifier_geonamesSource/>
        <plIdentifier_tgn_uri>http://vocab.getty.edu/page/tgn/8705471</plIdentifier_tgn_uri>
        <plIdentifier_tgn_type/>
        <plIdentifier_tgn_provider>J. Paul Getty Trust</plIdentifier_tgn_provider>
        <plIdentifier_tgn_preferredTerm/>
        <plIdentifier_tgn_parentURI>Deitingen</plIdentifier_tgn_parentURI>
        <plIdentifier_tgn_parentString>Solothurn, Schweiz, Europe, World</plIdentifier_tgn_parentString>
        <plSubstance_tgn_lat/>
        <plSubstance_tgn_long/>
    </entry>
    
</root>
